{
  "avoid_countries": [
    "CN",
    "US"
  ],
  "chosen_offer": {
    "bid_price_usd": null,
    "cpu_cores_effective": 9.333333333333332,
    "cpu_ram_gb": 10.46,
    "disk_bw_mb_s": 448.0,
    "disk_space_gb": 181.83333333333331,
    "duration_days": 5463598.480302811,
    "estimated_total_usd": 0.001936,
    "geolocation": "South Korea, KR",
    "gpu": "1x GTX 1070 Ti",
    "gpu_ram_gb": 8.0,
    "hourly_usd": 0.038722,
    "inet_down_cost_usd_per_gb": 0.00390625,
    "inet_down_mbps": 386.7,
    "inet_up_cost_usd_per_gb": 0.00390625,
    "inet_up_mbps": 378.8,
    "offer_id": 33009454,
    "reliability": 0.9951365,
    "storage_cost_usd_per_gb_month": 0.19999999999999998,
    "verified": "verified"
  },
  "disk_gb": 5.0,
  "download_gb": 0.0,
  "generated_at": "2026-04-28T05:16:56Z",
  "offer_type": "on-demand",
  "offers": [
    {
      "bid_price_usd": null,
      "cpu_cores_effective": 9.333333333333332,
      "cpu_ram_gb": 10.46,
      "disk_bw_mb_s": 448.0,
      "disk_space_gb": 181.83333333333331,
      "duration_days": 5463598.480302811,
      "estimated_total_usd": 0.001936,
      "geolocation": "South Korea, KR",
      "gpu": "1x GTX 1070 Ti",
      "gpu_ram_gb": 8.0,
      "hourly_usd": 0.038722,
      "inet_down_cost_usd_per_gb": 0.00390625,
      "inet_down_mbps": 386.7,
      "inet_up_cost_usd_per_gb": 0.00390625,
      "inet_up_mbps": 378.8,
      "offer_id": 33009454,
      "reliability": 0.9951365,
      "storage_cost_usd_per_gb_month": 0.19999999999999998,
      "verified": "verified"
    },
    {
      "bid_price_usd": null,
      "cpu_cores_effective": 4.0,
      "cpu_ram_gb": 8.96,
      "disk_bw_mb_s": 463.0,
      "disk_space_gb": 93.46910046030636,
      "duration_days": 11938710.48030281,
      "estimated_total_usd": 0.002069,
      "geolocation": "South Korea, KR",
      "gpu": "1x GTX 1080 Ti",
      "gpu_ram_gb": 11.0,
      "hourly_usd": 0.041389,
      "inet_down_cost_usd_per_gb": 0.0026041666666666665,
      "inet_down_mbps": 614.8,
      "inet_up_cost_usd_per_gb": 0.0026041666666666665,
      "inet_up_mbps": 615.4,
      "offer_id": 32784713,
      "reliability": 0.9980868,
      "storage_cost_usd_per_gb_month": 0.19999999999999998,
      "verified": "verified"
    },
    {
      "bid_price_usd": null,
      "cpu_cores_effective": 9.333333333333332,
      "cpu_ram_gb": 10.46,
      "disk_bw_mb_s": 401.0,
      "disk_space_gb": 252.66666666666666,
      "duration_days": 158717.48030281067,
      "estimated_total_usd": 0.002069,
      "geolocation": "South Korea, KR",
      "gpu": "1x Titan Xp",
      "gpu_ram_gb": 12.0,
      "hourly_usd": 0.041389,
      "inet_down_cost_usd_per_gb": 0.0026041666666666665,
      "inet_down_mbps": 617.2,
      "inet_up_cost_usd_per_gb": 0.0026041666666666665,
      "inet_up_mbps": 414.5,
      "offer_id": 27345509,
      "reliability": 0.9964444,
      "storage_cost_usd_per_gb_month": 0.19999999999999998,
      "verified": "verified"
    }
  ],
  "query": "rentable=true rented=false verified=true reliability>0.98 num_gpus>=1 disk_space>=5.0 storage_cost<=0.2 inet_up_cost<=0.02 inet_down_cost<=0.02 geolocation notin [CN,US]",
  "runtime_hours": 0.05,
  "upload_gb": 0.0
}
