{
  "avoid_countries": [
    "CN",
    "US"
  ],
  "chosen_offer": {
    "cpu_cores_effective": 9.333333333333332,
    "cpu_ram_gb": 10.46,
    "disk_bw_mb_s": 475.0,
    "disk_space_gb": 217.5,
    "duration_days": 8498682.701517344,
    "estimated_total_usd": 0.002069,
    "geolocation": "South Korea, KR",
    "gpu": "1x Titan Xp",
    "gpu_ram_gb": 12.0,
    "hourly_usd": 0.041389,
    "inet_down_cost_usd_per_gb": 0.0013020833333333333,
    "inet_down_mbps": 648.2,
    "inet_up_cost_usd_per_gb": 0.0026041666666666665,
    "inet_up_mbps": 572.8,
    "offer_id": 31046606,
    "reliability": 0.9984199,
    "storage_cost_usd_per_gb_month": 0.19999999999999998,
    "verified": "verified"
  },
  "disk_gb": 5.0,
  "download_gb": 0.0,
  "generated_at": "2026-04-28T05:03:03Z",
  "offer_type": "on-demand",
  "offers": [
    {
      "cpu_cores_effective": 4.0,
      "cpu_ram_gb": 8.96,
      "disk_bw_mb_s": 467.1,
      "disk_space_gb": 93.46910046030636,
      "duration_days": 11939543.701517344,
      "estimated_total_usd": 0.002069,
      "geolocation": "South Korea, KR",
      "gpu": "1x GTX 1080 Ti",
      "gpu_ram_gb": 11.0,
      "hourly_usd": 0.041389,
      "inet_down_cost_usd_per_gb": 0.0026041666666666665,
      "inet_down_mbps": 614.8,
      "inet_up_cost_usd_per_gb": 0.0026041666666666665,
      "inet_up_mbps": 615.4,
      "offer_id": 32784717,
      "reliability": 0.9980866,
      "storage_cost_usd_per_gb_month": 0.19999999999999998,
      "verified": "verified"
    },
    {
      "cpu_cores_effective": 9.333333333333332,
      "cpu_ram_gb": 10.46,
      "disk_bw_mb_s": 508.0,
      "disk_space_gb": 199.98333333333335,
      "duration_days": 13401957.701517344,
      "estimated_total_usd": 0.002069,
      "geolocation": "South Korea, KR",
      "gpu": "1x GTX 1080",
      "gpu_ram_gb": 8.0,
      "hourly_usd": 0.041389,
      "inet_down_cost_usd_per_gb": 0.0026041666666666665,
      "inet_down_mbps": 699.9,
      "inet_up_cost_usd_per_gb": 0.0026041666666666665,
      "inet_up_mbps": 415.5,
      "offer_id": 29180699,
      "reliability": 0.9966544,
      "storage_cost_usd_per_gb_month": 0.19999999999999998,
      "verified": "verified"
    },
    {
      "cpu_cores_effective": 9.333333333333332,
      "cpu_ram_gb": 10.46,
      "disk_bw_mb_s": 475.0,
      "disk_space_gb": 217.5,
      "duration_days": 8498682.701517344,
      "estimated_total_usd": 0.002069,
      "geolocation": "South Korea, KR",
      "gpu": "1x Titan Xp",
      "gpu_ram_gb": 12.0,
      "hourly_usd": 0.041389,
      "inet_down_cost_usd_per_gb": 0.0013020833333333333,
      "inet_down_mbps": 648.2,
      "inet_up_cost_usd_per_gb": 0.0026041666666666665,
      "inet_up_mbps": 572.8,
      "offer_id": 31046606,
      "reliability": 0.9984199,
      "storage_cost_usd_per_gb_month": 0.19999999999999998,
      "verified": "verified"
    },
    {
      "cpu_cores_effective": 14.0,
      "cpu_ram_gb": 31.32,
      "disk_bw_mb_s": 2506.0,
      "disk_space_gb": 804.0,
      "duration_days": 406616.7015173435,
      "estimated_total_usd": 0.002345,
      "geolocation": "France, FR",
      "gpu": "1x GTX 1660 S",
      "gpu_ram_gb": 6.0,
      "hourly_usd": 0.046898,
      "inet_down_cost_usd_per_gb": 0.0013020833333333333,
      "inet_down_mbps": 926.5,
      "inet_up_cost_usd_per_gb": 0.0013020833333333333,
      "inet_up_mbps": 863.9,
      "offer_id": 35070184,
      "reliability": 0.9869039,
      "storage_cost_usd_per_gb_month": 0.033333333333333326,
      "verified": "verified"
    },
    {
      "cpu_cores_effective": 8.0,
      "cpu_ram_gb": 41.91,
      "disk_bw_mb_s": 404.43,
      "disk_space_gb": 15.495296180548127,
      "duration_days": 15211954.428687096,
      "estimated_total_usd": 0.002736,
      "geolocation": "Bulgaria, BG",
      "gpu": "1x RTX 4060",
      "gpu_ram_gb": 8.0,
      "hourly_usd": 0.054722,
      "inet_down_cost_usd_per_gb": 2.6041666666666666e-06,
      "inet_down_mbps": 806.3,
      "inet_up_cost_usd_per_gb": 3.90625e-06,
      "inet_up_mbps": 454.5,
      "offer_id": 30827346,
      "reliability": 0.9979927,
      "storage_cost_usd_per_gb_month": 0.19999999999999998,
      "verified": "verified"
    }
  ],
  "query": "rentable=true rented=false verified=true reliability>0.98 num_gpus>=1 disk_space>=5.0 storage_cost<=0.2 inet_up_cost<=0.02 inet_down_cost<=0.02 geolocation notin [CN,US]",
  "runtime_hours": 0.05,
  "upload_gb": 0.0
}
