{
  "avoid_countries": [
    "CN",
    "US"
  ],
  "chosen_offer": {
    "bid_price_usd": null,
    "cpu_cores_effective": 9.333333333333332,
    "cpu_ram_gb": 10.46,
    "disk_bw_mb_s": 493.1,
    "disk_space_gb": 179.5,
    "duration_days": 5468701.179835558,
    "estimated_total_usd": 0.001162,
    "geolocation": "South Korea, KR",
    "gpu": "1x GTX 1070 Ti",
    "gpu_ram_gb": 8.0,
    "hourly_usd": 0.038722,
    "inet_down_cost_usd_per_gb": 0.00390625,
    "inet_down_mbps": 260.4,
    "inet_up_cost_usd_per_gb": 0.00390625,
    "inet_up_mbps": 285.6,
    "offer_id": 33006268,
    "reliability": 0.9987294,
    "storage_cost_usd_per_gb_month": 0.19999999999999998,
    "verified": "verified"
  },
  "disk_gb": 5.0,
  "download_gb": 0.0,
  "generated_at": "2026-04-28T05:24:58Z",
  "offer_type": "on-demand",
  "offers": [
    {
      "bid_price_usd": null,
      "cpu_cores_effective": 9.333333333333332,
      "cpu_ram_gb": 10.46,
      "disk_bw_mb_s": 493.1,
      "disk_space_gb": 179.5,
      "duration_days": 5468701.179835558,
      "estimated_total_usd": 0.001162,
      "geolocation": "South Korea, KR",
      "gpu": "1x GTX 1070 Ti",
      "gpu_ram_gb": 8.0,
      "hourly_usd": 0.038722,
      "inet_down_cost_usd_per_gb": 0.00390625,
      "inet_down_mbps": 260.4,
      "inet_up_cost_usd_per_gb": 0.00390625,
      "inet_up_mbps": 285.6,
      "offer_id": 33006268,
      "reliability": 0.9987294,
      "storage_cost_usd_per_gb_month": 0.19999999999999998,
      "verified": "verified"
    },
    {
      "bid_price_usd": null,
      "cpu_cores_effective": 4.0,
      "cpu_ram_gb": 8.96,
      "disk_bw_mb_s": 463.0,
      "disk_space_gb": 93.72624331744922,
      "duration_days": 11938228.179835558,
      "estimated_total_usd": 0.001242,
      "geolocation": "South Korea, KR",
      "gpu": "1x GTX 1080 Ti",
      "gpu_ram_gb": 11.0,
      "hourly_usd": 0.041389,
      "inet_down_cost_usd_per_gb": 0.0026041666666666665,
      "inet_down_mbps": 614.8,
      "inet_up_cost_usd_per_gb": 0.0026041666666666665,
      "inet_up_mbps": 615.4,
      "offer_id": 32784713,
      "reliability": 0.9980868,
      "storage_cost_usd_per_gb_month": 0.19999999999999998,
      "verified": "verified"
    },
    {
      "bid_price_usd": null,
      "cpu_cores_effective": 9.333333333333332,
      "cpu_ram_gb": 10.46,
      "disk_bw_mb_s": 459.642021746578,
      "disk_space_gb": 244.79888481121736,
      "duration_days": 181630.17983555794,
      "estimated_total_usd": 0.001242,
      "geolocation": "South Korea, KR",
      "gpu": "1x Titan Xp",
      "gpu_ram_gb": 12.0,
      "hourly_usd": 0.041389,
      "inet_down_cost_usd_per_gb": 0.0026041666666666665,
      "inet_down_mbps": 649.0,
      "inet_up_cost_usd_per_gb": 0.0026041666666666665,
      "inet_up_mbps": 393.3,
      "offer_id": 27345521,
      "reliability": 0.9975389,
      "storage_cost_usd_per_gb_month": 0.19999999999999998,
      "verified": "verified"
    }
  ],
  "query": "rentable=true rented=false verified=true reliability>0.98 num_gpus>=1 disk_space>=5.0 storage_cost<=0.2 inet_up_cost<=0.02 inet_down_cost<=0.02 geolocation notin [CN,US]",
  "runtime_hours": 0.03,
  "upload_gb": 0.0
}
